day,subnet_id,failure_rate
14-06-2025,brlsh,0.0008
14-06-2025,o3ow2,0.0085
14-06-2025,4ecnw,0.0001
14-06-2025,opn46,0.0000
14-06-2025,lhg73,0.0005
14-06-2025,nl6hn,0.0020
14-06-2025,io67a,0.0001
14-06-2025,ejbmu,0.0002
14-06-2025,gmq5v,0.0007
14-06-2025,6pbhf,0.0012
14-06-2025,eq6en,0.0177
14-06-2025,pjljw,0.0108
14-06-2025,4zbus,0.0021
14-06-2025,uzr34,0.0027
14-06-2025,5kdm2,0.0000
14-06-2025,pzp6e,0.0017
14-06-2025,e66qm,0.0000
14-06-2025,qdvhd,0.0006
14-06-2025,bkfrj,0.0036
14-06-2025,2fq7c,0.0247
14-06-2025,snjp4,0.0000
14-06-2025,shefu,0.0002
14-06-2025,csyj4,0.0001
14-06-2025,3hhby,0.0043
14-06-2025,k44fs,0.0049
14-06-2025,x33ed,0.0019
14-06-2025,yinp6,0.0001
14-06-2025,w4asl,0.0007
14-06-2025,mpubz,0.0010
14-06-2025,fuqsr,0.0009
14-06-2025,w4rem,0.0003
14-06-2025,cv73p,0.0008
14-06-2025,pae4o,0.0000
14-06-2025,tdb26,0.0028
14-06-2025,qxesv,0.0001
14-06-2025,lspz2,0.0021
14-06-2025,jtdsg,0.0005
15-06-2025,brlsh,0.0010
15-06-2025,o3ow2,0.0075
15-06-2025,4ecnw,0.0000
15-06-2025,opn46,0.0000
15-06-2025,lhg73,0.0005
15-06-2025,nl6hn,0.0006
15-06-2025,io67a,0.0001
15-06-2025,ejbmu,0.0000
15-06-2025,gmq5v,0.0006
15-06-2025,6pbhf,0.0032
15-06-2025,eq6en,0.0686
15-06-2025,pjljw,0.0061
15-06-2025,4zbus,0.0026
15-06-2025,uzr34,0.0022
15-06-2025,5kdm2,0.0001
15-06-2025,pzp6e,0.0019
15-06-2025,e66qm,0.0001
15-06-2025,qdvhd,0.0007
15-06-2025,bkfrj,0.0213
15-06-2025,2fq7c,0.0208
15-06-2025,snjp4,0.0001
15-06-2025,shefu,0.0002
15-06-2025,csyj4,0.0000
15-06-2025,3hhby,0.0085
15-06-2025,k44fs,0.0039
15-06-2025,x33ed,0.0019
15-06-2025,yinp6,0.0001
15-06-2025,w4asl,0.0006
15-06-2025,mpubz,0.0023
15-06-2025,fuqsr,0.0004
15-06-2025,w4rem,0.0001
15-06-2025,cv73p,0.0011
15-06-2025,pae4o,0.0000
15-06-2025,tdb26,0.0018
15-06-2025,qxesv,0.0001
15-06-2025,lspz2,0.0007
15-06-2025,jtdsg,0.0005
16-06-2025,brlsh,0.0011
16-06-2025,o3ow2,0.0092
16-06-2025,4ecnw,0.0001
16-06-2025,opn46,0.0002
16-06-2025,lhg73,0.0002
16-06-2025,nl6hn,0.0018
16-06-2025,io67a,0.0007
16-06-2025,ejbmu,0.0011
16-06-2025,gmq5v,0.0015
16-06-2025,6pbhf,0.0090
16-06-2025,eq6en,0.1739
16-06-2025,pjljw,0.0091
16-06-2025,4zbus,0.0067
16-06-2025,uzr34,0.0020
16-06-2025,5kdm2,0.0001
16-06-2025,pzp6e,0.0039
16-06-2025,e66qm,0.0004
16-06-2025,qdvhd,0.0012
16-06-2025,bkfrj,0.0257
16-06-2025,2fq7c,0.0408
16-06-2025,snjp4,0.0001
16-06-2025,shefu,0.0017
16-06-2025,csyj4,0.0000
16-06-2025,3hhby,0.0093
16-06-2025,k44fs,0.0068
16-06-2025,x33ed,0.0006
16-06-2025,yinp6,0.0008
16-06-2025,w4asl,0.0005
16-06-2025,mpubz,0.0028
16-06-2025,fuqsr,0.0006
16-06-2025,w4rem,0.0000
16-06-2025,cv73p,0.0024
16-06-2025,pae4o,0.0002
16-06-2025,tdb26,0.0021
16-06-2025,qxesv,0.0008
16-06-2025,lspz2,0.0007
16-06-2025,jtdsg,0.0017
17-06-2025,brlsh,0.0004
17-06-2025,o3ow2,0.0043
17-06-2025,4ecnw,0.0001
17-06-2025,opn46,0.0000
17-06-2025,lhg73,0.0009
17-06-2025,nl6hn,0.0049
17-06-2025,io67a,0.0003
17-06-2025,ejbmu,0.0018
17-06-2025,gmq5v,0.0015
17-06-2025,6pbhf,0.0040
17-06-2025,eq6en,0.0396
17-06-2025,pjljw,0.0098
17-06-2025,4zbus,0.0083
17-06-2025,uzr34,0.0012
17-06-2025,5kdm2,0.0003
17-06-2025,pzp6e,0.0019
17-06-2025,e66qm,0.0005
17-06-2025,qdvhd,0.0016
17-06-2025,bkfrj,0.0203
17-06-2025,2fq7c,0.0363
17-06-2025,snjp4,0.0004
17-06-2025,shefu,0.0004
17-06-2025,csyj4,0.0001
17-06-2025,3hhby,0.0096
17-06-2025,k44fs,0.0051
17-06-2025,x33ed,0.0006
17-06-2025,yinp6,0.0001
17-06-2025,w4asl,0.0018
17-06-2025,mpubz,0.0037
17-06-2025,fuqsr,0.0003
17-06-2025,w4rem,0.0002
17-06-2025,cv73p,0.0017
17-06-2025,pae4o,0.0003
17-06-2025,tdb26,0.0020
17-06-2025,qxesv,0.0010
17-06-2025,lspz2,0.0014
17-06-2025,jtdsg,0.0007
18-06-2025,brlsh,0.0032
18-06-2025,o3ow2,0.0070
18-06-2025,4ecnw,0.0004
18-06-2025,opn46,0.0006
18-06-2025,lhg73,0.0009
18-06-2025,nl6hn,0.0020
18-06-2025,io67a,0.0006
18-06-2025,ejbmu,0.0009
18-06-2025,gmq5v,0.0015
18-06-2025,6pbhf,0.0064
18-06-2025,eq6en,0.0886
18-06-2025,pjljw,0.0142
18-06-2025,4zbus,0.0026
18-06-2025,uzr34,0.0007
18-06-2025,5kdm2,0.0002
18-06-2025,pzp6e,0.0027
18-06-2025,e66qm,0.0008
18-06-2025,qdvhd,0.0003
18-06-2025,bkfrj,0.0250
18-06-2025,2fq7c,0.0181
18-06-2025,snjp4,0.0000
18-06-2025,shefu,0.0003
18-06-2025,csyj4,0.0004
18-06-2025,3hhby,0.0064
18-06-2025,k44fs,0.0165
18-06-2025,x33ed,0.0015
18-06-2025,yinp6,0.0003
18-06-2025,w4asl,0.0005
18-06-2025,mpubz,0.0038
18-06-2025,fuqsr,0.0014
18-06-2025,w4rem,0.0000
18-06-2025,cv73p,0.0087
18-06-2025,pae4o,0.0002
18-06-2025,tdb26,0.0026
18-06-2025,qxesv,0.0005
18-06-2025,lspz2,0.0014
18-06-2025,jtdsg,0.0010
19-06-2025,brlsh,0.0006
19-06-2025,o3ow2,0.0070
19-06-2025,4ecnw,0.0003
19-06-2025,opn46,0.0008
19-06-2025,lhg73,0.0006
19-06-2025,nl6hn,0.0043
19-06-2025,io67a,0.0005
19-06-2025,ejbmu,0.0012
19-06-2025,gmq5v,0.0043
19-06-2025,6pbhf,0.0204
19-06-2025,eq6en,0.0273
19-06-2025,pjljw,0.0052
19-06-2025,4zbus,0.0132
19-06-2025,uzr34,0.0012
19-06-2025,5kdm2,0.0003
19-06-2025,pzp6e,0.0021
19-06-2025,e66qm,0.0012
19-06-2025,qdvhd,0.0044
19-06-2025,bkfrj,0.0165
19-06-2025,2fq7c,0.0195
19-06-2025,snjp4,0.0001
19-06-2025,shefu,0.0009
19-06-2025,csyj4,0.0004
19-06-2025,3hhby,0.0088
19-06-2025,k44fs,0.0059
19-06-2025,x33ed,0.0018
19-06-2025,yinp6,0.0012
19-06-2025,w4asl,0.0028
19-06-2025,mpubz,0.0149
19-06-2025,fuqsr,0.0024
19-06-2025,w4rem,0.0008
19-06-2025,cv73p,0.0080
19-06-2025,pae4o,0.0003
19-06-2025,tdb26,0.0035
19-06-2025,qxesv,0.0002
19-06-2025,lspz2,0.0033
19-06-2025,jtdsg,0.0021
20-06-2025,brlsh,0.0003
20-06-2025,o3ow2,0.0014
20-06-2025,4ecnw,0.0001
20-06-2025,opn46,0.0002
20-06-2025,lhg73,0.0002
20-06-2025,nl6hn,0.0018
20-06-2025,io67a,0.0004
20-06-2025,ejbmu,0.0004
20-06-2025,gmq5v,0.0009
20-06-2025,6pbhf,0.0070
20-06-2025,eq6en,0.0316
20-06-2025,pjljw,0.0041
20-06-2025,4zbus,0.0060
20-06-2025,uzr34,0.0009
20-06-2025,5kdm2,0.0001
20-06-2025,pzp6e,0.0009
20-06-2025,e66qm,0.0001
20-06-2025,qdvhd,0.0001
20-06-2025,bkfrj,0.0042
20-06-2025,2fq7c,0.0299
20-06-2025,snjp4,0.0001
20-06-2025,shefu,0.0003
20-06-2025,csyj4,0.0001
20-06-2025,3hhby,0.0085
20-06-2025,k44fs,0.0045
20-06-2025,x33ed,0.0005
20-06-2025,yinp6,0.0001
20-06-2025,w4asl,0.0007
20-06-2025,mpubz,0.0034
20-06-2025,fuqsr,0.0001
20-06-2025,w4rem,0.0002
20-06-2025,cv73p,0.0009
20-06-2025,pae4o,0.0000
20-06-2025,tdb26,0.0017
20-06-2025,qxesv,0.0002
20-06-2025,lspz2,0.0013
20-06-2025,jtdsg,0.0005
21-06-2025,brlsh,0.0011
21-06-2025,o3ow2,0.0010
21-06-2025,4ecnw,0.0000
21-06-2025,opn46,0.0000
21-06-2025,lhg73,0.0003
21-06-2025,nl6hn,0.0014
21-06-2025,io67a,0.0003
21-06-2025,ejbmu,0.0002
21-06-2025,gmq5v,0.0011
21-06-2025,6pbhf,0.0045
21-06-2025,eq6en,0.0714
21-06-2025,pjljw,0.0064
21-06-2025,4zbus,0.0030
21-06-2025,uzr34,0.0006
21-06-2025,5kdm2,0.0001
21-06-2025,pzp6e,0.0014
21-06-2025,e66qm,0.0003
21-06-2025,qdvhd,0.0000
21-06-2025,bkfrj,0.0020
21-06-2025,2fq7c,0.0072
21-06-2025,snjp4,0.0001
21-06-2025,shefu,0.0001
21-06-2025,csyj4,0.0001
21-06-2025,3hhby,0.0086
21-06-2025,k44fs,0.0050
21-06-2025,x33ed,0.0007
21-06-2025,yinp6,0.0001
21-06-2025,w4asl,0.0003
21-06-2025,mpubz,0.0039
21-06-2025,fuqsr,0.0002
21-06-2025,w4rem,0.0000
21-06-2025,cv73p,0.0020
21-06-2025,pae4o,0.0000
21-06-2025,tdb26,0.0012
21-06-2025,qxesv,0.0002
21-06-2025,lspz2,0.0019
21-06-2025,jtdsg,0.0007
22-06-2025,brlsh,0.0036
22-06-2025,o3ow2,0.0009
22-06-2025,4ecnw,0.0001
22-06-2025,opn46,0.0003
22-06-2025,lhg73,0.0003
22-06-2025,nl6hn,0.0021
22-06-2025,io67a,0.0002
22-06-2025,ejbmu,0.0003
22-06-2025,gmq5v,0.0012
22-06-2025,6pbhf,0.0030
22-06-2025,eq6en,0.0369
22-06-2025,pjljw,0.0065
22-06-2025,4zbus,0.0033
22-06-2025,uzr34,0.0008
22-06-2025,5kdm2,0.0003
22-06-2025,pzp6e,0.0013
22-06-2025,e66qm,0.0003
22-06-2025,qdvhd,0.0002
22-06-2025,bkfrj,0.0000
22-06-2025,2fq7c,0.0433
22-06-2025,snjp4,0.0001
22-06-2025,shefu,0.0007
22-06-2025,csyj4,0.0000
22-06-2025,3hhby,0.0109
22-06-2025,k44fs,0.0055
22-06-2025,x33ed,0.0015
22-06-2025,yinp6,0.0009
22-06-2025,w4asl,0.0007
22-06-2025,mpubz,0.0028
22-06-2025,fuqsr,0.0007
22-06-2025,w4rem,0.0001
22-06-2025,cv73p,0.0029
22-06-2025,pae4o,0.0000
22-06-2025,tdb26,0.0025
22-06-2025,qxesv,0.0000
22-06-2025,lspz2,0.0010
22-06-2025,jtdsg,0.0037
23-06-2025,brlsh,0.0080
23-06-2025,o3ow2,0.0042
23-06-2025,4ecnw,0.0002
23-06-2025,opn46,0.0006
23-06-2025,lhg73,0.0005
23-06-2025,nl6hn,0.0029
23-06-2025,io67a,0.0006
23-06-2025,ejbmu,0.0004
23-06-2025,gmq5v,0.0061
23-06-2025,6pbhf,0.0024
23-06-2025,eq6en,0.0597
23-06-2025,pjljw,0.0080
23-06-2025,4zbus,0.0082
23-06-2025,uzr34,0.0036
23-06-2025,5kdm2,0.0002
23-06-2025,pzp6e,0.0027
23-06-2025,e66qm,0.0005
23-06-2025,qdvhd,0.0016
23-06-2025,bkfrj,0.0031
23-06-2025,2fq7c,0.1761
23-06-2025,snjp4,0.0002
23-06-2025,shefu,0.0018
23-06-2025,csyj4,0.0001
23-06-2025,3hhby,0.0111
23-06-2025,k44fs,0.0061
23-06-2025,x33ed,0.0009
23-06-2025,yinp6,0.0008
23-06-2025,w4asl,0.0010
23-06-2025,mpubz,0.0044
23-06-2025,fuqsr,0.0004
23-06-2025,w4rem,0.0003
23-06-2025,cv73p,0.0079
23-06-2025,pae4o,0.0001
23-06-2025,tdb26,0.0028
23-06-2025,qxesv,0.0007
23-06-2025,lspz2,0.0016
23-06-2025,jtdsg,0.0066
24-06-2025,brlsh,0.0049
24-06-2025,o3ow2,0.0004
24-06-2025,4ecnw,0.0004
24-06-2025,opn46,0.0005
24-06-2025,lhg73,0.0009
24-06-2025,nl6hn,0.0017
24-06-2025,io67a,0.0003
24-06-2025,ejbmu,0.0076
24-06-2025,gmq5v,0.0026
24-06-2025,6pbhf,0.0387
24-06-2025,eq6en,0.0963
24-06-2025,pjljw,0.0198
24-06-2025,4zbus,0.0046
24-06-2025,uzr34,0.0009
24-06-2025,5kdm2,0.0000
24-06-2025,pzp6e,0.0031
24-06-2025,e66qm,0.0006
24-06-2025,qdvhd,0.0106
24-06-2025,bkfrj,0.0170
24-06-2025,2fq7c,0.0587
24-06-2025,snjp4,0.0009
24-06-2025,shefu,0.0063
24-06-2025,csyj4,0.0003
24-06-2025,3hhby,0.0112
24-06-2025,k44fs,0.0090
24-06-2025,x33ed,0.0007
24-06-2025,yinp6,0.0011
24-06-2025,w4asl,0.0014
24-06-2025,mpubz,0.0049
24-06-2025,fuqsr,0.0052
24-06-2025,w4rem,0.0003
24-06-2025,cv73p,0.0089
24-06-2025,pae4o,0.0004
24-06-2025,tdb26,0.0031
24-06-2025,qxesv,0.0082
24-06-2025,lspz2,0.0103
24-06-2025,jtdsg,0.0009
25-06-2025,brlsh,0.0019
25-06-2025,o3ow2,0.0030
25-06-2025,4ecnw,0.0005
25-06-2025,opn46,0.0005
25-06-2025,lhg73,0.0009
25-06-2025,nl6hn,0.0011
25-06-2025,io67a,0.0004
25-06-2025,ejbmu,0.0001
25-06-2025,gmq5v,0.0012
25-06-2025,6pbhf,0.0227
25-06-2025,eq6en,0.0488
25-06-2025,pjljw,0.0043
25-06-2025,4zbus,0.0023
25-06-2025,uzr34,0.0019
25-06-2025,5kdm2,0.0002
25-06-2025,pzp6e,0.0018
25-06-2025,e66qm,0.0004
25-06-2025,qdvhd,0.0017
25-06-2025,bkfrj,0.0068
25-06-2025,2fq7c,0.0192
25-06-2025,snjp4,0.0004
25-06-2025,shefu,0.0001
25-06-2025,csyj4,0.0002
25-06-2025,3hhby,0.0060
25-06-2025,k44fs,0.0069
25-06-2025,x33ed,0.0005
25-06-2025,yinp6,0.0003
25-06-2025,w4asl,0.0005
25-06-2025,mpubz,0.0021
25-06-2025,fuqsr,0.0004
25-06-2025,w4rem,0.0000
25-06-2025,cv73p,0.0018
25-06-2025,pae4o,0.0003
25-06-2025,tdb26,0.0031
25-06-2025,qxesv,0.0005
25-06-2025,lspz2,0.0059
25-06-2025,jtdsg,0.0006
26-06-2025,brlsh,0.0015
26-06-2025,o3ow2,0.0062
26-06-2025,4ecnw,0.0006
26-06-2025,opn46,0.0060
26-06-2025,lhg73,0.0013
26-06-2025,nl6hn,0.0015
26-06-2025,io67a,0.0005
26-06-2025,ejbmu,0.0053
26-06-2025,gmq5v,0.0061
26-06-2025,6pbhf,0.0169
26-06-2025,eq6en,0.0385
26-06-2025,pjljw,0.0124
26-06-2025,4zbus,0.0032
26-06-2025,uzr34,0.0015
26-06-2025,5kdm2,0.0004
26-06-2025,pzp6e,0.0028
26-06-2025,e66qm,0.0011
26-06-2025,qdvhd,0.0046
26-06-2025,bkfrj,0.0182
26-06-2025,2fq7c,0.0130
26-06-2025,snjp4,0.0005
26-06-2025,shefu,0.0032
26-06-2025,csyj4,0.0001
26-06-2025,3hhby,0.0084
26-06-2025,k44fs,0.0062
26-06-2025,x33ed,0.0033
26-06-2025,yinp6,0.0017
26-06-2025,w4asl,0.0009
26-06-2025,mpubz,0.0054
26-06-2025,fuqsr,0.0051
26-06-2025,w4rem,0.0015
26-06-2025,cv73p,0.0104
26-06-2025,pae4o,0.0009
26-06-2025,tdb26,0.0032
26-06-2025,qxesv,0.0061
26-06-2025,lspz2,0.0005
26-06-2025,jtdsg,0.0048
27-06-2025,brlsh,0.0016
27-06-2025,o3ow2,0.0040
27-06-2025,4ecnw,0.0011
27-06-2025,opn46,0.0041
27-06-2025,lhg73,0.0005
27-06-2025,nl6hn,0.0053
27-06-2025,io67a,0.0031
27-06-2025,ejbmu,0.0024
27-06-2025,gmq5v,0.0052
27-06-2025,6pbhf,0.0368
27-06-2025,eq6en,0.0377
27-06-2025,pjljw,0.0057
27-06-2025,4zbus,0.0074
27-06-2025,uzr34,0.0019
27-06-2025,5kdm2,0.0014
27-06-2025,pzp6e,0.0047
27-06-2025,e66qm,0.0025
27-06-2025,qdvhd,0.0065
27-06-2025,bkfrj,0.0090
27-06-2025,2fq7c,0.0261
27-06-2025,snjp4,0.0008
27-06-2025,shefu,0.0039
27-06-2025,csyj4,0.0035
27-06-2025,3hhby,0.0126
27-06-2025,k44fs,0.0062
27-06-2025,x33ed,0.0011
27-06-2025,yinp6,0.0016
27-06-2025,w4asl,0.0020
27-06-2025,mpubz,0.0061
27-06-2025,fuqsr,0.0057
27-06-2025,w4rem,0.0018
27-06-2025,cv73p,0.0079
27-06-2025,pae4o,0.0033
27-06-2025,tdb26,0.0034
27-06-2025,qxesv,0.0023
27-06-2025,lspz2,0.0023
27-06-2025,jtdsg,0.0052
28-06-2025,brlsh,0.0007
28-06-2025,o3ow2,0.0025
28-06-2025,4ecnw,0.0000
28-06-2025,opn46,0.0009
28-06-2025,lhg73,0.0004
28-06-2025,nl6hn,0.0025
28-06-2025,io67a,0.0002
28-06-2025,ejbmu,0.0000
28-06-2025,gmq5v,0.0007
28-06-2025,6pbhf,0.0017
28-06-2025,eq6en,0.0236
28-06-2025,pjljw,0.0041
28-06-2025,4zbus,0.0038
28-06-2025,uzr34,0.0017
28-06-2025,5kdm2,0.0008
28-06-2025,pzp6e,0.0012
28-06-2025,e66qm,0.0002
28-06-2025,qdvhd,0.0001
28-06-2025,bkfrj,0.0010
28-06-2025,2fq7c,0.0213
28-06-2025,snjp4,0.0000
28-06-2025,shefu,0.0004
28-06-2025,csyj4,0.0002
28-06-2025,3hhby,0.0093
28-06-2025,k44fs,0.0037
28-06-2025,x33ed,0.0007
28-06-2025,yinp6,0.0005
28-06-2025,w4asl,0.0015
28-06-2025,mpubz,0.0003
28-06-2025,fuqsr,0.0023
28-06-2025,w4rem,0.0002
28-06-2025,cv73p,0.0010
28-06-2025,pae4o,0.0002
28-06-2025,tdb26,0.0016
28-06-2025,qxesv,0.0018
28-06-2025,lspz2,0.0001
28-06-2025,jtdsg,0.0003
29-06-2025,brlsh,0.0005
29-06-2025,o3ow2,0.0027
29-06-2025,4ecnw,0.0000
29-06-2025,opn46,0.0031
29-06-2025,lhg73,0.0003
29-06-2025,nl6hn,0.0025
29-06-2025,io67a,0.0004
29-06-2025,ejbmu,0.0000
29-06-2025,gmq5v,0.0017
29-06-2025,6pbhf,0.0010
29-06-2025,eq6en,0.0138
29-06-2025,pjljw,0.0051
29-06-2025,4zbus,0.0029
29-06-2025,uzr34,0.0013
29-06-2025,5kdm2,0.0004
29-06-2025,pzp6e,0.0012
29-06-2025,e66qm,0.0002
29-06-2025,qdvhd,0.0004
29-06-2025,bkfrj,0.0007
29-06-2025,2fq7c,0.0170
29-06-2025,snjp4,0.0002
29-06-2025,shefu,0.0008
29-06-2025,csyj4,0.0002
29-06-2025,3hhby,0.0068
29-06-2025,k44fs,0.0047
29-06-2025,x33ed,0.0003
29-06-2025,yinp6,0.0002
29-06-2025,w4asl,0.0008
29-06-2025,mpubz,0.0038
29-06-2025,fuqsr,0.0010
29-06-2025,w4rem,0.0004
29-06-2025,cv73p,0.0040
29-06-2025,pae4o,0.0000
29-06-2025,tdb26,0.0018
29-06-2025,qxesv,0.0001
29-06-2025,lspz2,0.0008
29-06-2025,jtdsg,0.0005
30-06-2025,brlsh,0.0015
30-06-2025,o3ow2,0.0230
30-06-2025,4ecnw,0.0024
30-06-2025,opn46,0.0006
30-06-2025,lhg73,0.0025
30-06-2025,nl6hn,0.0049
30-06-2025,io67a,0.0056
30-06-2025,ejbmu,0.0001
30-06-2025,gmq5v,0.0037
30-06-2025,6pbhf,0.0010
30-06-2025,eq6en,0.0759
30-06-2025,pjljw,0.0042
30-06-2025,4zbus,0.0102
30-06-2025,uzr34,0.0020
30-06-2025,5kdm2,0.0005
30-06-2025,pzp6e,0.0026
30-06-2025,e66qm,0.0006
30-06-2025,qdvhd,0.0003
30-06-2025,bkfrj,0.0033
30-06-2025,2fq7c,0.2269
30-06-2025,snjp4,0.0006
30-06-2025,shefu,0.0030
30-06-2025,csyj4,0.0002
30-06-2025,3hhby,0.0116
30-06-2025,k44fs,0.0068
30-06-2025,x33ed,0.0014
30-06-2025,yinp6,0.0010
30-06-2025,w4asl,0.0013
30-06-2025,mpubz,0.0043
30-06-2025,fuqsr,0.0034
30-06-2025,w4rem,0.0002
30-06-2025,cv73p,0.0018
30-06-2025,pae4o,0.0011
30-06-2025,tdb26,0.0048
30-06-2025,qxesv,0.0005
30-06-2025,lspz2,0.0029
30-06-2025,jtdsg,0.0035
01-07-2025,brlsh,0.0017
01-07-2025,o3ow2,0.0007
01-07-2025,4ecnw,0.0003
01-07-2025,opn46,0.0006
01-07-2025,lhg73,0.0007
01-07-2025,nl6hn,0.0019
01-07-2025,io67a,0.0013
01-07-2025,ejbmu,0.0006
01-07-2025,gmq5v,0.0015
01-07-2025,6pbhf,0.0005
01-07-2025,eq6en,0.1028
01-07-2025,pjljw,0.0057
01-07-2025,4zbus,0.0069
01-07-2025,uzr34,0.0014
01-07-2025,5kdm2,0.0000
01-07-2025,pzp6e,0.0012
01-07-2025,e66qm,0.0005
01-07-2025,qdvhd,0.0042
01-07-2025,bkfrj,0.0007
01-07-2025,2fq7c,0.0141
01-07-2025,snjp4,0.0010
01-07-2025,shefu,0.0005
01-07-2025,csyj4,0.0000
01-07-2025,3hhby,0.0081
01-07-2025,k44fs,0.0030
01-07-2025,x33ed,0.0003
01-07-2025,yinp6,0.0004
01-07-2025,w4asl,0.0018
01-07-2025,mpubz,0.0031
01-07-2025,fuqsr,0.0001
01-07-2025,w4rem,0.0000
01-07-2025,cv73p,0.0002
01-07-2025,pae4o,0.0000
01-07-2025,tdb26,0.0017
01-07-2025,qxesv,0.0008
01-07-2025,lspz2,0.0026
01-07-2025,jtdsg,0.0009
02-07-2025,brlsh,0.0019
02-07-2025,o3ow2,0.0061
02-07-2025,4ecnw,0.0006
02-07-2025,opn46,0.0002
02-07-2025,lhg73,0.0009
02-07-2025,nl6hn,0.0017
02-07-2025,io67a,0.0019
02-07-2025,ejbmu,0.0001
02-07-2025,gmq5v,0.0036
02-07-2025,6pbhf,0.0020
02-07-2025,eq6en,0.1108
02-07-2025,pjljw,0.0037
02-07-2025,4zbus,0.0137
02-07-2025,uzr34,0.0010
02-07-2025,5kdm2,0.0011
02-07-2025,pzp6e,0.0022
02-07-2025,e66qm,0.0021
02-07-2025,qdvhd,0.0110
02-07-2025,bkfrj,0.0074
02-07-2025,2fq7c,0.0317
02-07-2025,snjp4,0.0010
02-07-2025,shefu,0.0001
02-07-2025,csyj4,0.0003
02-07-2025,3hhby,0.0101
02-07-2025,k44fs,0.0053
02-07-2025,x33ed,0.0010
02-07-2025,yinp6,0.0003
02-07-2025,w4asl,0.0019
02-07-2025,mpubz,0.0030
02-07-2025,fuqsr,0.0001
02-07-2025,w4rem,0.0001
02-07-2025,cv73p,0.0020
02-07-2025,pae4o,0.0000
02-07-2025,tdb26,0.0017
02-07-2025,qxesv,0.0003
02-07-2025,lspz2,0.0039
02-07-2025,jtdsg,0.0018
03-07-2025,brlsh,0.0023
03-07-2025,o3ow2,0.0023
03-07-2025,4ecnw,0.0003
03-07-2025,opn46,0.0000
03-07-2025,lhg73,0.0005
03-07-2025,nl6hn,0.0016
03-07-2025,io67a,0.0019
03-07-2025,ejbmu,0.0000
03-07-2025,gmq5v,0.0024
03-07-2025,6pbhf,0.0008
03-07-2025,eq6en,0.0147
03-07-2025,pjljw,0.0046
03-07-2025,4zbus,0.0058
03-07-2025,uzr34,0.0014
03-07-2025,5kdm2,0.0005
03-07-2025,pzp6e,0.0034
03-07-2025,e66qm,0.0018
03-07-2025,qdvhd,0.0014
03-07-2025,bkfrj,0.0031
03-07-2025,2fq7c,0.0230
03-07-2025,snjp4,0.0007
03-07-2025,shefu,0.0004
03-07-2025,csyj4,0.0004
03-07-2025,3hhby,0.0079
03-07-2025,k44fs,0.0052
03-07-2025,x33ed,0.0020
03-07-2025,yinp6,0.0012
03-07-2025,w4asl,0.0022
03-07-2025,mpubz,0.0066
03-07-2025,fuqsr,0.0008
03-07-2025,w4rem,0.0007
03-07-2025,cv73p,0.0038
03-07-2025,pae4o,0.0001
03-07-2025,tdb26,0.0017
03-07-2025,qxesv,0.0002
03-07-2025,lspz2,0.0044
03-07-2025,jtdsg,0.0022
04-07-2025,brlsh,0.0011
04-07-2025,o3ow2,0.0014
04-07-2025,4ecnw,0.0007
04-07-2025,opn46,0.0004
04-07-2025,lhg73,0.0005
04-07-2025,nl6hn,0.0005
04-07-2025,io67a,0.0014
04-07-2025,ejbmu,0.0001
04-07-2025,gmq5v,0.0021
04-07-2025,6pbhf,0.0030
04-07-2025,eq6en,0.0148
04-07-2025,pjljw,0.0038
04-07-2025,4zbus,0.0060
04-07-2025,uzr34,0.0009
04-07-2025,5kdm2,0.0001
04-07-2025,pzp6e,0.0022
04-07-2025,e66qm,0.0002
04-07-2025,qdvhd,0.0004
04-07-2025,bkfrj,0.0022
04-07-2025,2fq7c,0.0086
04-07-2025,snjp4,0.0007
04-07-2025,shefu,0.0001
04-07-2025,csyj4,0.0001
04-07-2025,3hhby,0.0081
04-07-2025,k44fs,0.0059
04-07-2025,x33ed,0.0003
04-07-2025,yinp6,0.0001
04-07-2025,w4asl,0.0010
04-07-2025,mpubz,0.0079
04-07-2025,fuqsr,0.0012
04-07-2025,w4rem,0.0002
04-07-2025,cv73p,0.0025
04-07-2025,pae4o,0.0000
04-07-2025,tdb26,0.0012
04-07-2025,qxesv,0.0001
04-07-2025,lspz2,0.0024
04-07-2025,jtdsg,0.0010
05-07-2025,brlsh,0.0005
05-07-2025,o3ow2,0.0011
05-07-2025,4ecnw,0.0000
05-07-2025,opn46,0.0000
05-07-2025,lhg73,0.0001
05-07-2025,nl6hn,0.0003
05-07-2025,io67a,0.0009
05-07-2025,ejbmu,0.0001
05-07-2025,gmq5v,0.0016
05-07-2025,6pbhf,0.0006
05-07-2025,eq6en,0.1185
05-07-2025,pjljw,0.0029
05-07-2025,4zbus,0.0061
05-07-2025,uzr34,0.0007
05-07-2025,5kdm2,0.0000
05-07-2025,pzp6e,0.0018
05-07-2025,e66qm,0.0001
05-07-2025,qdvhd,0.0004
05-07-2025,bkfrj,0.0089
05-07-2025,2fq7c,0.0050
05-07-2025,snjp4,0.0005
05-07-2025,shefu,0.0004
05-07-2025,csyj4,0.0000
05-07-2025,3hhby,0.0072
05-07-2025,k44fs,0.0057
05-07-2025,x33ed,0.0001
05-07-2025,yinp6,0.0003
05-07-2025,w4asl,0.0010
05-07-2025,mpubz,0.0088
05-07-2025,fuqsr,0.0000
05-07-2025,w4rem,0.0000
05-07-2025,cv73p,0.0030
05-07-2025,pae4o,0.0000
05-07-2025,tdb26,0.0017
05-07-2025,qxesv,0.0002
05-07-2025,lspz2,0.0101
05-07-2025,jtdsg,0.0010
06-07-2025,brlsh,0.0074
06-07-2025,o3ow2,0.0073
06-07-2025,4ecnw,0.0004
06-07-2025,opn46,0.0005
06-07-2025,lhg73,0.0004
06-07-2025,nl6hn,0.0006
06-07-2025,io67a,0.0009
06-07-2025,ejbmu,0.0001
06-07-2025,gmq5v,0.0019
06-07-2025,6pbhf,0.0008
06-07-2025,eq6en,0.0317
06-07-2025,pjljw,0.0020
06-07-2025,4zbus,0.0060
06-07-2025,uzr34,0.0007
06-07-2025,5kdm2,0.0000
06-07-2025,pzp6e,0.0026
06-07-2025,e66qm,0.0004
06-07-2025,qdvhd,0.0007
06-07-2025,bkfrj,0.0030
06-07-2025,2fq7c,0.0040
06-07-2025,snjp4,0.0000
06-07-2025,shefu,0.0002
06-07-2025,csyj4,0.0001
06-07-2025,3hhby,0.0106
06-07-2025,k44fs,0.0030
06-07-2025,x33ed,0.0003
06-07-2025,yinp6,0.0001
06-07-2025,w4asl,0.0010
06-07-2025,mpubz,0.0080
06-07-2025,fuqsr,0.0000
06-07-2025,w4rem,0.0000
06-07-2025,cv73p,0.0016
06-07-2025,pae4o,0.0000
06-07-2025,tdb26,0.0046
06-07-2025,qxesv,0.0001
06-07-2025,lspz2,0.0019
06-07-2025,jtdsg,0.0007
07-07-2025,brlsh,0.0093
07-07-2025,o3ow2,0.0031
07-07-2025,4ecnw,0.0004
07-07-2025,vcpt7,0.0011
07-07-2025,opn46,0.0003
07-07-2025,lhg73,0.0005
07-07-2025,nl6hn,0.0011
07-07-2025,mkbc3,0.0009
07-07-2025,io67a,0.0021
07-07-2025,ejbmu,0.0000
07-07-2025,gmq5v,0.0020
07-07-2025,6pbhf,0.0067
07-07-2025,eq6en,0.0126
07-07-2025,pjljw,0.0028
07-07-2025,4zbus,0.0075
07-07-2025,uzr34,0.0016
07-07-2025,5kdm2,0.0005
07-07-2025,pzp6e,0.0034
07-07-2025,e66qm,0.0006
07-07-2025,qdvhd,0.0008
07-07-2025,bkfrj,0.0002
07-07-2025,2fq7c,0.0085
07-07-2025,snjp4,0.0004
07-07-2025,shefu,0.0017
07-07-2025,csyj4,0.0000
07-07-2025,3hhby,0.0090
07-07-2025,k44fs,0.0048
07-07-2025,x33ed,0.0005
07-07-2025,yinp6,0.0003
07-07-2025,xok3w,0.0037
07-07-2025,w4asl,0.0013
07-07-2025,c4isl,0.0001
07-07-2025,mpubz,0.0047
07-07-2025,fuqsr,0.0007
07-07-2025,w4rem,0.0002
07-07-2025,cv73p,0.0031
07-07-2025,pae4o,0.0000
07-07-2025,tdb26,0.0061
07-07-2025,qxesv,0.0009
07-07-2025,4utr6,0.0014
07-07-2025,lspz2,0.0023
07-07-2025,jtdsg,0.0013
08-07-2025,brlsh,0.0085
08-07-2025,o3ow2,0.0023
08-07-2025,4ecnw,0.0003
08-07-2025,vcpt7,0.0001
08-07-2025,opn46,0.0004
08-07-2025,lhg73,0.0010
08-07-2025,nl6hn,0.0016
08-07-2025,mkbc3,0.0008
08-07-2025,io67a,0.0024
08-07-2025,ejbmu,0.0005
08-07-2025,gmq5v,0.0028
08-07-2025,6pbhf,0.0040
08-07-2025,eq6en,0.0211
08-07-2025,pjljw,0.0041
08-07-2025,4zbus,0.0098
08-07-2025,uzr34,0.0012
08-07-2025,5kdm2,0.0003
08-07-2025,pzp6e,0.0014
08-07-2025,e66qm,0.0009
08-07-2025,qdvhd,0.0074
08-07-2025,bkfrj,0.0013
08-07-2025,2fq7c,0.0204
08-07-2025,snjp4,0.0003
08-07-2025,shefu,0.0025
08-07-2025,csyj4,0.0003
08-07-2025,3hhby,0.0090
08-07-2025,k44fs,0.0053
08-07-2025,x33ed,0.0007
08-07-2025,yinp6,0.0005
08-07-2025,xok3w,0.0046
08-07-2025,w4asl,0.0029
08-07-2025,c4isl,0.0001
08-07-2025,mpubz,0.0079
08-07-2025,fuqsr,0.0002
08-07-2025,w4rem,0.0001
08-07-2025,cv73p,0.0033
08-07-2025,pae4o,0.0004
08-07-2025,tdb26,0.0030
08-07-2025,qxesv,0.0012
08-07-2025,4utr6,0.0002
08-07-2025,lspz2,0.0017
08-07-2025,jtdsg,0.0016
09-07-2025,brlsh,0.0037
09-07-2025,o3ow2,0.0017
09-07-2025,4ecnw,0.0007
09-07-2025,vcpt7,0.0001
09-07-2025,opn46,0.0018
09-07-2025,lhg73,0.0009
09-07-2025,nl6hn,0.0008
09-07-2025,mkbc3,0.0004
09-07-2025,io67a,0.0014
09-07-2025,ejbmu,0.0001
09-07-2025,gmq5v,0.0026
09-07-2025,6pbhf,0.0091
09-07-2025,eq6en,0.0622
09-07-2025,pjljw,0.0016
09-07-2025,4zbus,0.0092
09-07-2025,uzr34,0.0007
09-07-2025,5kdm2,0.0004
09-07-2025,pzp6e,0.0063
09-07-2025,e66qm,0.0008
09-07-2025,qdvhd,0.0020
09-07-2025,bkfrj,0.0014
09-07-2025,2fq7c,0.0338
09-07-2025,snjp4,0.0004
09-07-2025,shefu,0.0012
09-07-2025,csyj4,0.0003
09-07-2025,3hhby,0.0080
09-07-2025,k44fs,0.0059
09-07-2025,x33ed,0.0003
09-07-2025,yinp6,0.0006
09-07-2025,xok3w,0.0046
09-07-2025,w4asl,0.0013
09-07-2025,c4isl,0.0000
09-07-2025,mpubz,0.0052
09-07-2025,fuqsr,0.0003
09-07-2025,w4rem,0.0001
09-07-2025,cv73p,0.0155
09-07-2025,pae4o,0.0001
09-07-2025,tdb26,0.0044
09-07-2025,qxesv,0.0004
09-07-2025,4utr6,0.0004
09-07-2025,lspz2,0.0026
09-07-2025,jtdsg,0.0018
10-07-2025,brlsh,0.0015
10-07-2025,o3ow2,0.0084
10-07-2025,4ecnw,0.0007
10-07-2025,vcpt7,0.0004
10-07-2025,opn46,0.0004
10-07-2025,lhg73,0.0004
10-07-2025,nl6hn,0.0016
10-07-2025,mkbc3,0.0010
10-07-2025,io67a,0.0006
10-07-2025,ejbmu,0.0004
10-07-2025,gmq5v,0.0037
10-07-2025,6pbhf,0.0051
10-07-2025,eq6en,0.0207
10-07-2025,pjljw,0.0033
10-07-2025,4zbus,0.0080
10-07-2025,uzr34,0.0012
10-07-2025,5kdm2,0.0003
10-07-2025,pzp6e,0.0018
10-07-2025,e66qm,0.0034
10-07-2025,qdvhd,0.0007
10-07-2025,bkfrj,0.0086
10-07-2025,2fq7c,0.0258
10-07-2025,snjp4,0.0012
10-07-2025,shefu,0.0010
10-07-2025,csyj4,0.0008
10-07-2025,3hhby,0.0092
10-07-2025,k44fs,0.0062
10-07-2025,x33ed,0.0011
10-07-2025,yinp6,0.0012
10-07-2025,xok3w,0.0046
10-07-2025,w4asl,0.0014
10-07-2025,c4isl,0.0006
10-07-2025,mpubz,0.0130
10-07-2025,fuqsr,0.0012
10-07-2025,w4rem,0.0003
10-07-2025,cv73p,0.0061
10-07-2025,pae4o,0.0000
10-07-2025,tdb26,0.0033
10-07-2025,qxesv,0.0012
10-07-2025,4utr6,0.0001
10-07-2025,lspz2,0.0040
10-07-2025,jtdsg,0.0026
11-07-2025,brlsh,0.0025
11-07-2025,o3ow2,0.0076
11-07-2025,4ecnw,0.0001
11-07-2025,vcpt7,0.0003
11-07-2025,opn46,0.0004
11-07-2025,lhg73,0.0005
11-07-2025,nl6hn,0.0012
11-07-2025,mkbc3,0.0006
11-07-2025,io67a,0.0009
11-07-2025,ejbmu,0.0001
11-07-2025,gmq5v,0.0056
11-07-2025,6pbhf,0.0119
11-07-2025,eq6en,0.0284
11-07-2025,pjljw,0.0066
11-07-2025,4zbus,0.0124
11-07-2025,uzr34,0.0007
11-07-2025,5kdm2,0.0008
11-07-2025,pzp6e,0.0014
11-07-2025,e66qm,0.0019
11-07-2025,qdvhd,0.0024
11-07-2025,bkfrj,0.0127
11-07-2025,2fq7c,0.0101
11-07-2025,snjp4,0.0004
11-07-2025,shefu,0.0017
11-07-2025,csyj4,0.0006
11-07-2025,3hhby,0.0066
11-07-2025,k44fs,0.0047
11-07-2025,x33ed,0.0013
11-07-2025,yinp6,0.0005
11-07-2025,xok3w,0.0044
11-07-2025,w4asl,0.0017
11-07-2025,c4isl,0.0004
11-07-2025,mpubz,0.0086
11-07-2025,fuqsr,0.0000
11-07-2025,w4rem,0.0000
11-07-2025,cv73p,0.0045
11-07-2025,pae4o,0.0001
11-07-2025,tdb26,0.0035
11-07-2025,qxesv,0.0003
11-07-2025,4utr6,0.0005
11-07-2025,lspz2,0.0013
11-07-2025,jtdsg,0.0031
12-07-2025,brlsh,0.0022
12-07-2025,o3ow2,0.0049
12-07-2025,4ecnw,0.0001
12-07-2025,vcpt7,0.0003
12-07-2025,opn46,0.0002
12-07-2025,lhg73,0.0006
12-07-2025,nl6hn,0.0007
12-07-2025,mkbc3,0.0002
12-07-2025,io67a,0.0005
12-07-2025,ejbmu,0.0000
12-07-2025,gmq5v,0.0027
12-07-2025,6pbhf,0.0071
12-07-2025,eq6en,0.0544
12-07-2025,pjljw,0.0018
12-07-2025,4zbus,0.0130
12-07-2025,uzr34,0.0003
12-07-2025,5kdm2,0.0000
12-07-2025,pzp6e,0.0014
12-07-2025,e66qm,0.0002
12-07-2025,qdvhd,0.0002
12-07-2025,bkfrj,0.0114
12-07-2025,2fq7c,0.0061
12-07-2025,snjp4,0.0003
12-07-2025,shefu,0.0016
12-07-2025,csyj4,0.0001
12-07-2025,3hhby,0.0100
12-07-2025,k44fs,0.0019
12-07-2025,x33ed,0.0004
12-07-2025,yinp6,0.0003
12-07-2025,xok3w,0.0048
12-07-2025,w4asl,0.0017
12-07-2025,c4isl,0.0000
12-07-2025,mpubz,0.0091
12-07-2025,fuqsr,0.0001
12-07-2025,w4rem,0.0005
12-07-2025,cv73p,0.0039
12-07-2025,pae4o,0.0000
12-07-2025,tdb26,0.0017
12-07-2025,qxesv,0.0010
12-07-2025,4utr6,0.0001
12-07-2025,lspz2,0.0018
12-07-2025,jtdsg,0.0019
13-07-2025,brlsh,0.0020
13-07-2025,o3ow2,0.0054
13-07-2025,4ecnw,0.0003
13-07-2025,vcpt7,0.0003
13-07-2025,opn46,0.0003
13-07-2025,lhg73,0.0006
13-07-2025,nl6hn,0.0008
13-07-2025,mkbc3,0.0012
13-07-2025,io67a,0.0014
13-07-2025,ejbmu,0.0003
13-07-2025,gmq5v,0.0028
13-07-2025,6pbhf,0.0113
13-07-2025,eq6en,0.0222
13-07-2025,pjljw,0.0018
13-07-2025,4zbus,0.0095
13-07-2025,uzr34,0.0005
13-07-2025,5kdm2,0.0001
13-07-2025,pzp6e,0.0022
13-07-2025,e66qm,0.0008
13-07-2025,qdvhd,0.0007
13-07-2025,bkfrj,0.0071
13-07-2025,2fq7c,0.0119
13-07-2025,snjp4,0.0003
13-07-2025,shefu,0.0003
13-07-2025,csyj4,0.0001
13-07-2025,3hhby,0.0095
13-07-2025,k44fs,0.0031
13-07-2025,x33ed,0.0002
13-07-2025,yinp6,0.0004
13-07-2025,xok3w,0.0040
13-07-2025,w4asl,0.0019
13-07-2025,c4isl,0.0002
13-07-2025,mpubz,0.0045
13-07-2025,fuqsr,0.0001
13-07-2025,w4rem,0.0002
13-07-2025,cv73p,0.0042
13-07-2025,pae4o,0.0000
13-07-2025,tdb26,0.0017
13-07-2025,qxesv,0.0009
13-07-2025,4utr6,0.0001
13-07-2025,lspz2,0.0028
13-07-2025,jtdsg,0.0016
